
{
    "current_page": 1,
    "total_pages": 1000,
    "total_items": 55697,
    "photos": [
               {
               "id": 230200335,
               "user_id": 5797936,
               "name": "vienna.street",
               "description": "shooting in vienna",
               "camera": null,
               "lens": null,
               "focal_length": null,
               "iso": null,
               "shutter_speed": null,
               "aperture": null,
               "times_viewed": 37,
               "rating": 80.4,
               "status": 1,
               "created_at": "2017-10-01T10:23:31-04:00",
               "category": 21,
               "location": null,
               "latitude": 48.2081743,
               "longitude": 16.3738189000001,
               "taken_at": null,
               "hi_res_uploaded": 0,
               "for_sale": true,
               "width": 6715,
               "height": 3789,
               "votes_count": 12,
               "favorites_count": 0,
               "comments_count": 0,
               "nsfw": false,
               "sales_count": 0,
               "for_sale_date": null,
               "highest_rating": 80.4,
               "highest_rating_date": "2017-10-01T10:25:52-04:00",
               "license_type": 0,
               "converted": 0,
               "collections_count": 0,
               "crop_version": 0,
               "privacy": false,
               "profile": true,
               "for_critique": false,
               "critiques_callout_dismissed": false,
               "image_url": "https://drscdn.500px.org/photo/230200335/w%3D280_h%3D280/v2?client_application_id=11&user_id=824357&webp=true&v=0&sig=87c378f20802362700eba08bf18c5ac001b5fa4a67c90b613b38b7fe7138bd8c",
               "images": [
                          {
                          "size": 3,
                          "url": "https://drscdn.500px.org/photo/230200335/w%3D280_h%3D280/v2?client_application_id=11&user_id=824357&webp=true&v=0&sig=87c378f20802362700eba08bf18c5ac001b5fa4a67c90b613b38b7fe7138bd8c",
                          "https_url": "https://drscdn.500px.org/photo/230200335/w%3D280_h%3D280/v2?client_application_id=11&user_id=824357&webp=true&v=0&sig=87c378f20802362700eba08bf18c5ac001b5fa4a67c90b613b38b7fe7138bd8c",
                          "format": "jpeg"
                          }
                          ],
               "url": "/photo/230200335/vienna-street-by-w-h",
               "positive_votes_count": 12,
               "converted_bits": 0,
               "store_download": false,
               "store_print": false,
               "store_license": false,
               "request_to_buy_enabled": false,
               "license_requests_enabled": true,
               "store_width": 6715,
               "store_height": 3789,
               "voted": false,
               "liked": false,
               "disliked": false,
               "purchased": false,
               "watermark": false,
               "image_format": "jpeg",
               "user": {
               "id": 5797936,
               "username": "Vienna-Street-Photography",
               "firstname": "W",
               "lastname": "H",
               "city": "Wien",
               "country": "Austria",
               "usertype": 0,
               "fullname": "W H",
               "userpic_url": "https://pacdn.500px.org/5797936/de2fb89866d28abafb02158e01d9195dead71c94/1.jpg?20",
               "userpic_https_url": "https://pacdn.500px.org/5797936/de2fb89866d28abafb02158e01d9195dead71c94/1.jpg?20",
               "cover_url": "https://pacdn.500px.org/5797936/de2fb89866d28abafb02158e01d9195dead71c94/cover_2048.jpg?99",
               "upgrade_status": 3,
               "store_on": true,
               "affection": 352653,
               "avatars": {
               "default": {
               "https": "https://pacdn.500px.org/5797936/de2fb89866d28abafb02158e01d9195dead71c94/1.jpg?20"
               },
               "large": {
               "https": "https://pacdn.500px.org/5797936/de2fb89866d28abafb02158e01d9195dead71c94/2.jpg?20"
               },
               "small": {
               "https": "https://pacdn.500px.org/5797936/de2fb89866d28abafb02158e01d9195dead71c94/3.jpg?20"
               },
               "tiny": {
               "https": "https://pacdn.500px.org/5797936/de2fb89866d28abafb02158e01d9195dead71c94/4.jpg?20"
               }
               }
               },
               "licensing_requested": false,
               "licensing_suggested": false,
               "is_free_photo": false
               },
               {
               "id": 230200211,
               "user_id": 15582643,
               "name": "couple",
               "description": null,
               "camera": "NIKON D500",
               "lens": "200.0-500.0 mm f/5.6",
               "focal_length": "460",
               "iso": "1000",
               "shutter_speed": "1/640",
               "aperture": "5.6",
               "times_viewed": 23,
               "rating": 82.5,
               "status": 1,
               "created_at": "2017-10-01T10:22:21-04:00",
               "category": 11,
               "location": null,
               "latitude": null,
               "longitude": null,
               "taken_at": "2017-09-30T13:12:30-04:00",
               "hi_res_uploaded": 0,
               "for_sale": true,
               "width": 4621,
               "height": 2542,
               "votes_count": 14,
               "favorites_count": 0,
               "comments_count": 0,
               "nsfw": false,
               "sales_count": 0,
               "for_sale_date": null,
               "highest_rating": 82.5,
               "highest_rating_date": "2017-10-01T10:25:42-04:00",
               "license_type": 0,
               "converted": 0,
               "collections_count": 0,
               "crop_version": 0,
               "privacy": false,
               "profile": true,
               "for_critique": false,
               "critiques_callout_dismissed": false,
               "image_url": "https://drscdn.500px.org/photo/230200211/w%3D280_h%3D280/v2?client_application_id=11&user_id=824357&webp=true&v=0&sig=c796aff929af05b516b157f40c37336212a830d5a61b4aac1167bf77b1be4ef2",
               "images": [
                          {
                          "size": 3,
                          "url": "https://drscdn.500px.org/photo/230200211/w%3D280_h%3D280/v2?client_application_id=11&user_id=824357&webp=true&v=0&sig=c796aff929af05b516b157f40c37336212a830d5a61b4aac1167bf77b1be4ef2",
                          "https_url": "https://drscdn.500px.org/photo/230200211/w%3D280_h%3D280/v2?client_application_id=11&user_id=824357&webp=true&v=0&sig=c796aff929af05b516b157f40c37336212a830d5a61b4aac1167bf77b1be4ef2",
                          "format": "jpeg"
                          }
                          ],
               "url": "/photo/230200211/couple-by-gpedrazzi",
               "positive_votes_count": 14,
               "converted_bits": 0,
               "store_download": false,
               "store_print": false,
               "store_license": false,
               "request_to_buy_enabled": true,
               "license_requests_enabled": true,
               "store_width": 4621,
               "store_height": 2542,
               "voted": false,
               "liked": false,
               "disliked": false,
               "purchased": false,
               "watermark": false,
               "image_format": "jpeg",
               "user": {
               "id": 15582643,
               "username": "GPedrazzi",
               "firstname": "GPedrazzi",
               "lastname": "",
               "city": "",
               "country": "",
               "usertype": 0,
               "fullname": "GPedrazzi",
               "userpic_url": "https://pacdn.500px.org/15582643/f4a6ac299d7892bdc30be5a921be91e9e3146dd4/1.jpg?5",
               "userpic_https_url": "https://pacdn.500px.org/15582643/f4a6ac299d7892bdc30be5a921be91e9e3146dd4/1.jpg?5",
               "cover_url": "https://pacdn.500px.org/15582643/f4a6ac299d7892bdc30be5a921be91e9e3146dd4/cover_2048.jpg?5",
               "upgrade_status": 0,
               "store_on": true,
               "affection": 18739,
               "avatars": {
               "default": {
               "https": "https://pacdn.500px.org/15582643/f4a6ac299d7892bdc30be5a921be91e9e3146dd4/1.jpg?5"
               },
               "large": {
               "https": "https://pacdn.500px.org/15582643/f4a6ac299d7892bdc30be5a921be91e9e3146dd4/2.jpg?5"
               },
               "small": {
               "https": "https://pacdn.500px.org/15582643/f4a6ac299d7892bdc30be5a921be91e9e3146dd4/3.jpg?5"
               },
               "tiny": {
               "https": "https://pacdn.500px.org/15582643/f4a6ac299d7892bdc30be5a921be91e9e3146dd4/4.jpg?5"
               }
               }
               },
               "licensing_requested": false,
               "licensing_suggested": false,
               "is_free_photo": false
               },
               {
               "id": 230200149,
               "user_id": 2420465,
               "name": "Юля",
               "description": "Я на других ресурсах: \n<a href=\"http://instagram.com/pavel_vozmischev\">Inst</a> | <a href=\"http://vk.com/pavel_vozmischev\">VK</a> | <a href=\"https://www.facebook.com/vozmischev\">FB</a> | <a href=\"http://pavel-vozmischev.com\">VP</a>",
               "camera": "Canon EOS 5D Mark II",
               "lens": "85mm",
               "focal_length": "85",
               "iso": "100",
               "shutter_speed": "1/1250",
               "aperture": "1.8",
               "times_viewed": 30,
               "rating": 82.5,
               "status": 1,
               "created_at": "2017-10-01T10:21:36-04:00",
               "category": 7,
               "location": null,
               "latitude": 56.8389261,
               "longitude": 60.6057025,
               "taken_at": "2017-08-24T18:22:11-04:00",
               "hi_res_uploaded": 0,
               "for_sale": true,
               "width": 667,
               "height": 1000,
               "votes_count": 14,
               "favorites_count": 0,
               "comments_count": 0,
               "nsfw": false,
               "sales_count": 0,
               "for_sale_date": null,
               "highest_rating": 82.5,
               "highest_rating_date": "2017-10-01T10:25:52-04:00",
               "license_type": 0,
               "converted": 0,
               "collections_count": 2,
               "crop_version": 0,
               "privacy": false,
               "profile": true,
               "for_critique": false,
               "critiques_callout_dismissed": false,
               "image_url": "https://drscdn.500px.org/photo/230200149/w%3D280_h%3D280/v2?client_application_id=11&user_id=824357&webp=true&v=0&sig=131588fff224249a1dca3488d619d1a504a8f47dce34113fe3607bb7c86048e9",
               "images": [
                          {
                          "size": 3,
                          "url": "https://drscdn.500px.org/photo/230200149/w%3D280_h%3D280/v2?client_application_id=11&user_id=824357&webp=true&v=0&sig=131588fff224249a1dca3488d619d1a504a8f47dce34113fe3607bb7c86048e9",
                          "https_url": "https://drscdn.500px.org/photo/230200149/w%3D280_h%3D280/v2?client_application_id=11&user_id=824357&webp=true&v=0&sig=131588fff224249a1dca3488d619d1a504a8f47dce34113fe3607bb7c86048e9",
                          "format": "jpeg"
                          }
                          ],
               "url": "/photo/230200149/%D0%AE%D0%BB%D1%8F-by-pavel-vozmischev",
               "positive_votes_count": 14,
               "converted_bits": 0,
               "store_download": false,
               "store_print": false,
               "store_license": false,
               "request_to_buy_enabled": false,
               "license_requests_enabled": false,
               "voted": false,
               "liked": false,
               "disliked": false,
               "purchased": false,
               "watermark": false,
               "image_format": "jpeg",
               "user": {
               "id": 2420465,
               "username": "PavelVozmischev",
               "firstname": "Pavel",
               "lastname": "Vozmischev",
               "city": "Екатеринбург",
               "country": "Россия",
               "usertype": 0,
               "fullname": "Pavel Vozmischev",
               "userpic_url": "https://pacdn.500px.org/2420465/bc2920edf3905fa6e9fd4e743ac10f77e93386be/1.jpg?6",
               "userpic_https_url": "https://pacdn.500px.org/2420465/bc2920edf3905fa6e9fd4e743ac10f77e93386be/1.jpg?6",
               "cover_url": "https://pacdn.500px.org/2420465/bc2920edf3905fa6e9fd4e743ac10f77e93386be/cover_2048.jpg?15",
               "upgrade_status": 0,
               "store_on": true,
               "affection": 128219,
               "avatars": {
               "default": {
               "https": "https://pacdn.500px.org/2420465/bc2920edf3905fa6e9fd4e743ac10f77e93386be/1.jpg?6"
               },
               "large": {
               "https": "https://pacdn.500px.org/2420465/bc2920edf3905fa6e9fd4e743ac10f77e93386be/2.jpg?6"
               },
               "small": {
               "https": "https://pacdn.500px.org/2420465/bc2920edf3905fa6e9fd4e743ac10f77e93386be/3.jpg?6"
               },
               "tiny": {
               "https": "https://pacdn.500px.org/2420465/bc2920edf3905fa6e9fd4e743ac10f77e93386be/4.jpg?6"
               }
               }
               },
               "licensing_requested": false,
               "licensing_suggested": false,
               "is_free_photo": false
               },
               {
               "id": 230200075,
               "user_id": 2961517,
               "name": "632",
               "description": null,
               "camera": null,
               "lens": "GF110mmF2 R LM WR",
               "focal_length": "110",
               "iso": "100",
               "shutter_speed": "1/160",
               "aperture": "4",
               "times_viewed": 57,
               "rating": 86.6,
               "status": 1,
               "created_at": "2017-10-01T10:21:00-04:00",
               "category": 7,
               "location": null,
               "latitude": 12.046498,
               "longitude": 108.4957383,
               "taken_at": "2017-09-03T01:04:37-04:00",
               "hi_res_uploaded": 0,
               "for_sale": false,
               "width": 8154,
               "height": 6192,
               "votes_count": 20,
               "favorites_count": 0,
               "comments_count": 1,
               "nsfw": false,
               "sales_count": 0,
               "for_sale_date": null,
               "highest_rating": 86.6,
               "highest_rating_date": "2017-10-01T10:25:46-04:00",
               "license_type": 0,
               "converted": 0,
               "collections_count": 0,
               "crop_version": 0,
               "privacy": false,
               "profile": true,
               "for_critique": false,
               "critiques_callout_dismissed": false,
               "image_url": "https://drscdn.500px.org/photo/230200075/w%3D280_h%3D280/v2?client_application_id=11&user_id=824357&webp=true&v=0&sig=70dab705c64748e6be482b8b3425d2bc95415396a6686debdd9a3449c3d8bfbd",
               "images": [
                          {
                          "size": 3,
                          "url": "https://drscdn.500px.org/photo/230200075/w%3D280_h%3D280/v2?client_application_id=11&user_id=824357&webp=true&v=0&sig=70dab705c64748e6be482b8b3425d2bc95415396a6686debdd9a3449c3d8bfbd",
                          "https_url": "https://drscdn.500px.org/photo/230200075/w%3D280_h%3D280/v2?client_application_id=11&user_id=824357&webp=true&v=0&sig=70dab705c64748e6be482b8b3425d2bc95415396a6686debdd9a3449c3d8bfbd",
                          "format": "jpeg"
                          }
                          ],
               "url": "/photo/230200075/632-by-bao-q-ng",
               "positive_votes_count": 20,
               "converted_bits": 0,
               "store_download": false,
               "store_print": false,
               "store_license": false,
               "request_to_buy_enabled": true,
               "license_requests_enabled": true,
               "store_width": 8154,
               "store_height": 6192,
               "voted": false,
               "liked": false,
               "disliked": false,
               "purchased": false,
               "watermark": false,
               "image_format": "jpeg",
               "user": {
               "id": 2961517,
               "username": "BaoQNg",
               "firstname": "Bao Q",
               "lastname": "Ng",
               "city": "",
               "country": "",
               "usertype": 0,
               "fullname": "Bao Q Ng",
               "userpic_url": "https://pacdn.500px.org/2961517/3d346e2e6a7f1a1ddc6fd5fbcea1d391efece2c8/1.jpg?4",
               "userpic_https_url": "https://pacdn.500px.org/2961517/3d346e2e6a7f1a1ddc6fd5fbcea1d391efece2c8/1.jpg?4",
               "cover_url": "https://pacdn.500px.org/2961517/3d346e2e6a7f1a1ddc6fd5fbcea1d391efece2c8/cover_2048.jpg?1",
               "upgrade_status": 2,
               "store_on": true,
               "affection": 215195,
               "avatars": {
               "default": {
               "https": "https://pacdn.500px.org/2961517/3d346e2e6a7f1a1ddc6fd5fbcea1d391efece2c8/1.jpg?4"
               },
               "large": {
               "https": "https://pacdn.500px.org/2961517/3d346e2e6a7f1a1ddc6fd5fbcea1d391efece2c8/2.jpg?4"
               },
               "small": {
               "https": "https://pacdn.500px.org/2961517/3d346e2e6a7f1a1ddc6fd5fbcea1d391efece2c8/3.jpg?4"
               },
               "tiny": {
               "https": "https://pacdn.500px.org/2961517/3d346e2e6a7f1a1ddc6fd5fbcea1d391efece2c8/4.jpg?4"
               }
               }
               },
               "licensing_requested": false,
               "licensing_suggested": false,
               "is_free_photo": false
               },
               {
               "id": 230200041,
               "user_id": 20653809,
               "name": "单诗涵 国家大剧院 北京",
               "description": "",
               "camera": "NIKON D810",
               "lens": "14.0-24.0 mm f/2.8",
               "focal_length": "16",
               "iso": "64",
               "shutter_speed": "10",
               "aperture": "13.0",
               "times_viewed": 23,
               "rating": 83.3,
               "status": 1,
               "created_at": "2017-10-01T10:20:40-04:00",
               "category": 0,
               "location": "",
               "latitude": null,
               "longitude": null,
               "taken_at": null,
               "hi_res_uploaded": 0,
               "for_sale": false,
               "width": 2048,
               "height": 1367,
               "votes_count": 15,
               "favorites_count": 0,
               "comments_count": 0,
               "nsfw": false,
               "sales_count": 0,
               "for_sale_date": null,
               "highest_rating": 83.3,
               "highest_rating_date": "2017-10-01T10:25:43-04:00",
               "license_type": 0,
               "converted": 0,
               "collections_count": 0,
               "crop_version": 0,
               "privacy": false,
               "profile": true,
               "for_critique": false,
               "critiques_callout_dismissed": false,
               "image_url": "https://drscdn.500px.org/photo/230200041/w%3D280_h%3D280/v2?client_application_id=11&user_id=824357&webp=true&v=0&sig=78bd445b719b21652a68d675900a79f7c1eef3f90ebaf069d5ef5663c1ca227d",
               "images": [
                          {
                          "size": 3,
                          "url": "https://drscdn.500px.org/photo/230200041/w%3D280_h%3D280/v2?client_application_id=11&user_id=824357&webp=true&v=0&sig=78bd445b719b21652a68d675900a79f7c1eef3f90ebaf069d5ef5663c1ca227d",
                          "https_url": "https://drscdn.500px.org/photo/230200041/w%3D280_h%3D280/v2?client_application_id=11&user_id=824357&webp=true&v=0&sig=78bd445b719b21652a68d675900a79f7c1eef3f90ebaf069d5ef5663c1ca227d",
                          "format": "jpeg"
                          }
                          ],
               "url": "/photo/230200041/%E5%8D%95%E8%AF%97%E6%B6%B5-%E5%9B%BD%E5%AE%B6%E5%A4%A7%E5%89%A7%E9%99%A2-%E5%8C%97%E4%BA%AC-by-%E5%9C%B0%E8%B4%A8%E5%93%A5",
               "positive_votes_count": 15,
               "converted_bits": 0,
               "store_download": false,
               "store_print": false,
               "store_license": false,
               "request_to_buy_enabled": true,
               "license_requests_enabled": false,
               "store_width": 2048,
               "store_height": 1367,
               "voted": false,
               "liked": false,
               "disliked": false,
               "purchased": false,
               "watermark": false,
               "image_format": "jpeg",
               "user": {
               "id": 20653809,
               "username": "vcg-achillesshan",
               "firstname": "地质哥",
               "lastname": null,
               "city": "成都",
               "country": "中国",
               "usertype": 0,
               "fullname": "地质哥",
               "userpic_url": "https://secure.gravatar.com/avatar/fca4f8b9d74c469d1aaa9da740fa2720?s=300&r=g&d=https://pacdn.500px.org/userpic.png",
               "userpic_https_url": "https://secure.gravatar.com/avatar/fca4f8b9d74c469d1aaa9da740fa2720?s=300&r=g&d=https://pacdn.500px.org/userpic.png",
               "cover_url": null,
               "upgrade_status": 0,
               "store_on": false,
               "affection": 3268,
               "avatars": {
               "default": {
               "https": "https://secure.gravatar.com/avatar/fca4f8b9d74c469d1aaa9da740fa2720?s=300&r=g&d=https://pacdn.500px.org/userpic.png"
               },
               "large": {
               "https": "https://secure.gravatar.com/avatar/fca4f8b9d74c469d1aaa9da740fa2720?s=100&r=g&d=https://pacdn.500px.org/userpic.png"
               },
               "small": {
               "https": "https://secure.gravatar.com/avatar/fca4f8b9d74c469d1aaa9da740fa2720?s=50&r=g&d=https://pacdn.500px.org/userpic.png"
               },
               "tiny": {
               "https": "https://secure.gravatar.com/avatar/fca4f8b9d74c469d1aaa9da740fa2720?s=30&r=g&d=https://pacdn.500px.org/userpic.png"
               }
               }
               },
               "licensing_requested": false,
               "licensing_suggested": false,
               "is_free_photo": false
               },
               {
               "id": 230200027,
               "user_id": 23535937,
               "name": "锦绣中华壮美山川之二",
               "description": "",
               "camera": "NIKON D800E",
               "lens": "24.0-70.0 mm f/2.8",
               "focal_length": "48",
               "iso": "200",
               "shutter_speed": "1/800",
               "aperture": "6.3",
               "times_viewed": 23,
               "rating": 83.3,
               "status": 1,
               "created_at": "2017-10-01T10:20:26-04:00",
               "category": 8,
               "location": "",
               "latitude": null,
               "longitude": null,
               "taken_at": null,
               "hi_res_uploaded": 0,
               "for_sale": false,
               "width": 2048,
               "height": 1359,
               "votes_count": 15,
               "favorites_count": 0,
               "comments_count": 0,
               "nsfw": false,
               "sales_count": 0,
               "for_sale_date": null,
               "highest_rating": 83.3,
               "highest_rating_date": "2017-10-01T10:25:50-04:00",
               "license_type": 0,
               "converted": 0,
               "collections_count": 0,
               "crop_version": 0,
               "privacy": false,
               "profile": true,
               "for_critique": false,
               "critiques_callout_dismissed": false,
               "image_url": "https://drscdn.500px.org/photo/230200027/w%3D280_h%3D280/v2?client_application_id=11&user_id=824357&webp=true&v=0&sig=509209b7b5c52cfcf6d485916ec51773ae25b7a73618476c48cc1456b830e836",
               "images": [
                          {
                          "size": 3,
                          "url": "https://drscdn.500px.org/photo/230200027/w%3D280_h%3D280/v2?client_application_id=11&user_id=824357&webp=true&v=0&sig=509209b7b5c52cfcf6d485916ec51773ae25b7a73618476c48cc1456b830e836",
                          "https_url": "https://drscdn.500px.org/photo/230200027/w%3D280_h%3D280/v2?client_application_id=11&user_id=824357&webp=true&v=0&sig=509209b7b5c52cfcf6d485916ec51773ae25b7a73618476c48cc1456b830e836",
                          "format": "jpeg"
                          }
                          ],
               "url": "/photo/230200027/%E9%94%A6%E7%BB%A3%E4%B8%AD%E5%8D%8E%E5%A3%AE%E7%BE%8E%E5%B1%B1%E5%B7%9D%E4%B9%8B%E4%BA%8C-by-%E8%A1%8C%E6%91%84%E5%8C%86%E5%8C%86",
               "positive_votes_count": 15,
               "converted_bits": 0,
               "store_download": false,
               "store_print": false,
               "store_license": false,
               "request_to_buy_enabled": true,
               "license_requests_enabled": false,
               "store_width": 2048,
               "store_height": 1359,
               "voted": false,
               "liked": false,
               "disliked": false,
               "purchased": false,
               "watermark": false,
               "image_format": "jpeg",
               "user": {
               "id": 23535937,
               "username": "8cdcad5b04b6aaa07c7cad74e50f45028",
               "firstname": "行摄匆匆",
               "lastname": null,
               "city": "",
               "country": "",
               "usertype": 12,
               "fullname": "行摄匆匆",
               "userpic_url": "https://pacdn.500px.org/23535937/bfe8715c1783f631271ca2f5b4cc0f7647edeee7/1.jpg?3",
               "userpic_https_url": "https://pacdn.500px.org/23535937/bfe8715c1783f631271ca2f5b4cc0f7647edeee7/1.jpg?3",
               "cover_url": "https://pacdn.500px.org/23535937/bfe8715c1783f631271ca2f5b4cc0f7647edeee7/cover_2048.jpg?4",
               "upgrade_status": 0,
               "store_on": false,
               "affection": 1469,
               "avatars": {
               "default": {
               "https": "https://pacdn.500px.org/23535937/bfe8715c1783f631271ca2f5b4cc0f7647edeee7/1.jpg?3"
               },
               "large": {
               "https": "https://pacdn.500px.org/23535937/bfe8715c1783f631271ca2f5b4cc0f7647edeee7/2.jpg?3"
               },
               "small": {
               "https": "https://pacdn.500px.org/23535937/bfe8715c1783f631271ca2f5b4cc0f7647edeee7/3.jpg?3"
               },
               "tiny": {
               "https": "https://pacdn.500px.org/23535937/bfe8715c1783f631271ca2f5b4cc0f7647edeee7/4.jpg?3"
               }
               }
               },
               "licensing_requested": false,
               "licensing_suggested": false,
               "is_free_photo": false
               },
               {
               "id": 230200025,
               "user_id": 23739783,
               "name": "Untitled",
               "description": "",
               "camera": null,
               "lens": null,
               "focal_length": null,
               "iso": null,
               "shutter_speed": null,
               "aperture": null,
               "times_viewed": 24,
               "rating": 82.5,
               "status": 1,
               "created_at": "2017-10-01T10:20:25-04:00",
               "category": 8,
               "location": null,
               "latitude": 0,
               "longitude": 0,
               "taken_at": null,
               "hi_res_uploaded": 0,
               "for_sale": false,
               "width": 2048,
               "height": 1365,
               "votes_count": 14,
               "favorites_count": 0,
               "comments_count": 1,
               "nsfw": false,
               "sales_count": 0,
               "for_sale_date": null,
               "highest_rating": 82.5,
               "highest_rating_date": "2017-10-01T10:25:51-04:00",
               "license_type": 0,
               "converted": 0,
               "collections_count": 0,
               "crop_version": 0,
               "privacy": false,
               "profile": true,
               "for_critique": false,
               "critiques_callout_dismissed": false,
               "image_url": "https://drscdn.500px.org/photo/230200025/w%3D280_h%3D280/v2?client_application_id=11&user_id=824357&webp=true&v=0&sig=d0e8cd59481ba94424726347be528401ea6a46a5ae480371a1fba71ee6c8d937",
               "images": [
                          {
                          "size": 3,
                          "url": "https://drscdn.500px.org/photo/230200025/w%3D280_h%3D280/v2?client_application_id=11&user_id=824357&webp=true&v=0&sig=d0e8cd59481ba94424726347be528401ea6a46a5ae480371a1fba71ee6c8d937",
                          "https_url": "https://drscdn.500px.org/photo/230200025/w%3D280_h%3D280/v2?client_application_id=11&user_id=824357&webp=true&v=0&sig=d0e8cd59481ba94424726347be528401ea6a46a5ae480371a1fba71ee6c8d937",
                          "format": "jpeg"
                          }
                          ],
               "url": "/photo/230200025/untitled-by-manilyn-ritchie",
               "positive_votes_count": 14,
               "converted_bits": 0,
               "store_download": false,
               "store_print": false,
               "store_license": false,
               "request_to_buy_enabled": true,
               "license_requests_enabled": false,
               "store_width": 2048,
               "store_height": 1365,
               "voted": false,
               "liked": false,
               "disliked": false,
               "purchased": false,
               "watermark": false,
               "image_format": "jpeg",
               "user": {
               "id": 23739783,
               "username": "laineritchie21",
               "firstname": "Manilyn ",
               "lastname": "Ritchie ",
               "city": "Aberdeen ",
               "country": "United Kingdom ",
               "usertype": 0,
               "fullname": "Manilyn  Ritchie",
               "userpic_url": "https://secure.gravatar.com/avatar/b73749beff99acc9ee04619f4e48ce9f?s=300&r=g&d=https://pacdn.500px.org/userpic.png",
               "userpic_https_url": "https://secure.gravatar.com/avatar/b73749beff99acc9ee04619f4e48ce9f?s=300&r=g&d=https://pacdn.500px.org/userpic.png",
               "cover_url": null,
               "upgrade_status": 0,
               "store_on": false,
               "affection": 0,
               "avatars": {
               "default": {
               "https": "https://secure.gravatar.com/avatar/b73749beff99acc9ee04619f4e48ce9f?s=300&r=g&d=https://pacdn.500px.org/userpic.png"
               },
               "large": {
               "https": "https://secure.gravatar.com/avatar/b73749beff99acc9ee04619f4e48ce9f?s=100&r=g&d=https://pacdn.500px.org/userpic.png"
               },
               "small": {
               "https": "https://secure.gravatar.com/avatar/b73749beff99acc9ee04619f4e48ce9f?s=50&r=g&d=https://pacdn.500px.org/userpic.png"
               },
               "tiny": {
               "https": "https://secure.gravatar.com/avatar/b73749beff99acc9ee04619f4e48ce9f?s=30&r=g&d=https://pacdn.500px.org/userpic.png"
               }
               },
               "following": false
               },
               "licensing_requested": false,
               "licensing_suggested": false,
               "is_free_photo": false
               },
               {
               "id": 230199989,
               "user_id": 17287573,
               "name": "Jatiluwih Rice Terraces, Bali",
               "description": "",
               "camera": null,
               "lens": null,
               "focal_length": null,
               "iso": null,
               "shutter_speed": null,
               "aperture": null,
               "times_viewed": 18,
               "rating": 80.4,
               "status": 1,
               "created_at": "2017-10-01T10:20:04-04:00",
               "category": 8,
               "location": null,
               "latitude": 0,
               "longitude": 0,
               "taken_at": null,
               "hi_res_uploaded": 0,
               "for_sale": false,
               "width": 2448,
               "height": 1835,
               "votes_count": 12,
               "favorites_count": 0,
               "comments_count": 0,
               "nsfw": false,
               "sales_count": 0,
               "for_sale_date": null,
               "highest_rating": 80.4,
               "highest_rating_date": "2017-10-01T10:25:00-04:00",
               "license_type": 0,
               "converted": 0,
               "collections_count": 0,
               "crop_version": 0,
               "privacy": false,
               "profile": true,
               "for_critique": false,
               "critiques_callout_dismissed": false,
               "image_url": "https://drscdn.500px.org/photo/230199989/w%3D280_h%3D280/v2?client_application_id=11&user_id=824357&webp=true&v=0&sig=2de8c648c7f718deb8902ddb53402d5c3a0f6bacdeff7fdb23e3abee2c67830a",
               "images": [
                          {
                          "size": 3,
                          "url": "https://drscdn.500px.org/photo/230199989/w%3D280_h%3D280/v2?client_application_id=11&user_id=824357&webp=true&v=0&sig=2de8c648c7f718deb8902ddb53402d5c3a0f6bacdeff7fdb23e3abee2c67830a",
                          "https_url": "https://drscdn.500px.org/photo/230199989/w%3D280_h%3D280/v2?client_application_id=11&user_id=824357&webp=true&v=0&sig=2de8c648c7f718deb8902ddb53402d5c3a0f6bacdeff7fdb23e3abee2c67830a",
                          "format": "jpeg"
                          }
                          ],
               "url": "/photo/230199989/jatiluwih-rice-terraces-bali-by-nora-lovell",
               "positive_votes_count": 12,
               "converted_bits": 0,
               "store_download": false,
               "store_print": false,
               "store_license": false,
               "request_to_buy_enabled": true,
               "license_requests_enabled": false,
               "store_width": 2448,
               "store_height": 1835,
               "voted": false,
               "liked": false,
               "disliked": false,
               "purchased": false,
               "watermark": false,
               "image_format": "jpeg",
               "user": {
               "id": 17287573,
               "username": "noralovell",
               "firstname": "Nora",
               "lastname": "Lovell",
               "city": "",
               "country": "",
               "usertype": 0,
               "fullname": "Nora Lovell",
               "userpic_url": "https://pacdn.500px.org/17287573/09d865bb21a9c56ae5214a8844e9b1da84137f5f/1.jpg?18",
               "userpic_https_url": "https://pacdn.500px.org/17287573/09d865bb21a9c56ae5214a8844e9b1da84137f5f/1.jpg?18",
               "cover_url": "https://pacdn.500px.org/17287573/09d865bb21a9c56ae5214a8844e9b1da84137f5f/cover_2048.jpg?11",
               "upgrade_status": 3,
               "store_on": false,
               "affection": 669,
               "avatars": {
               "default": {
               "https": "https://pacdn.500px.org/17287573/09d865bb21a9c56ae5214a8844e9b1da84137f5f/1.jpg?18"
               },
               "large": {
               "https": "https://pacdn.500px.org/17287573/09d865bb21a9c56ae5214a8844e9b1da84137f5f/2.jpg?18"
               },
               "small": {
               "https": "https://pacdn.500px.org/17287573/09d865bb21a9c56ae5214a8844e9b1da84137f5f/3.jpg?18"
               },
               "tiny": {
               "https": "https://pacdn.500px.org/17287573/09d865bb21a9c56ae5214a8844e9b1da84137f5f/4.jpg?18"
               }
               }
               },
               "licensing_requested": false,
               "licensing_suggested": false,
               "is_free_photo": false
               },
               {
               "id": 230199983,
               "user_id": 2540877,
               "name": "sea, my sea",
               "description": null,
               "camera": "Canon EOS 50D",
               "lens": "EF17-40mm f/4L USM",
               "focal_length": "40",
               "iso": "100",
               "shutter_speed": "1/2000",
               "aperture": "5.6",
               "times_viewed": 24,
               "rating": 83.3,
               "status": 1,
               "created_at": "2017-10-01T10:19:56-04:00",
               "category": 22,
               "location": null,
               "latitude": null,
               "longitude": null,
               "taken_at": "2017-09-20T10:27:12-04:00",
               "hi_res_uploaded": 0,
               "for_sale": false,
               "width": 1600,
               "height": 900,
               "votes_count": 15,
               "favorites_count": 0,
               "comments_count": 0,
               "nsfw": false,
               "sales_count": 0,
               "for_sale_date": null,
               "highest_rating": 83.3,
               "highest_rating_date": "2017-10-01T10:25:49-04:00",
               "license_type": 0,
               "converted": 0,
               "collections_count": 0,
               "crop_version": 0,
               "privacy": false,
               "profile": true,
               "for_critique": false,
               "critiques_callout_dismissed": false,
               "image_url": "https://drscdn.500px.org/photo/230199983/w%3D280_h%3D280/v2?client_application_id=11&user_id=824357&webp=true&v=0&sig=294ed4b81b95be63639841c7e8bb310812db366dd9537c6500ed9de4d558f13a",
               "images": [
                          {
                          "size": 3,
                          "url": "https://drscdn.500px.org/photo/230199983/w%3D280_h%3D280/v2?client_application_id=11&user_id=824357&webp=true&v=0&sig=294ed4b81b95be63639841c7e8bb310812db366dd9537c6500ed9de4d558f13a",
                          "https_url": "https://drscdn.500px.org/photo/230199983/w%3D280_h%3D280/v2?client_application_id=11&user_id=824357&webp=true&v=0&sig=294ed4b81b95be63639841c7e8bb310812db366dd9537c6500ed9de4d558f13a",
                          "format": "jpeg"
                          }
                          ],
               "url": "/photo/230199983/sea-my-sea-by-joanna-rze%C5%BAnikowska",
               "positive_votes_count": 15,
               "converted_bits": 0,
               "store_download": false,
               "store_print": false,
               "store_license": false,
               "request_to_buy_enabled": false,
               "license_requests_enabled": true,
               "voted": false,
               "liked": false,
               "disliked": false,
               "purchased": false,
               "watermark": false,
               "image_format": "jpeg",
               "user": {
               "id": 2540877,
               "username": "asiarzeznikowska",
               "firstname": "Joanna",
               "lastname": "Rzeźnikowska",
               "city": "Toruń",
               "country": "Poland",
               "usertype": 0,
               "fullname": "Joanna Rzeźnikowska",
               "userpic_url": "https://pacdn.500px.org/2540877/400bffe30aabaa620623ed06846eaf7651fc1d85/1.jpg?4",
               "userpic_https_url": "https://pacdn.500px.org/2540877/400bffe30aabaa620623ed06846eaf7651fc1d85/1.jpg?4",
               "cover_url": "https://pacdn.500px.org/2540877/400bffe30aabaa620623ed06846eaf7651fc1d85/cover_2048.jpg?4",
               "upgrade_status": 2,
               "store_on": true,
               "affection": 71986,
               "avatars": {
               "default": {
               "https": "https://pacdn.500px.org/2540877/400bffe30aabaa620623ed06846eaf7651fc1d85/1.jpg?4"
               },
               "large": {
               "https": "https://pacdn.500px.org/2540877/400bffe30aabaa620623ed06846eaf7651fc1d85/2.jpg?4"
               },
               "small": {
               "https": "https://pacdn.500px.org/2540877/400bffe30aabaa620623ed06846eaf7651fc1d85/3.jpg?4"
               },
               "tiny": {
               "https": "https://pacdn.500px.org/2540877/400bffe30aabaa620623ed06846eaf7651fc1d85/4.jpg?4"
               }
               }
               },
               "licensing_requested": false,
               "licensing_suggested": false,
               "is_free_photo": false
               },
               {
               "id": 230199965,
               "user_id": 8561787,
               "name": "Untitled",
               "description": "",
               "camera": null,
               "lens": null,
               "focal_length": null,
               "iso": null,
               "shutter_speed": null,
               "aperture": null,
               "times_viewed": 26,
               "rating": 83.9,
               "status": 1,
               "created_at": "2017-10-01T10:19:38-04:00",
               "category": 0,
               "location": null,
               "latitude": null,
               "longitude": null,
               "taken_at": null,
               "hi_res_uploaded": 0,
               "for_sale": false,
               "width": 1083,
               "height": 600,
               "votes_count": 16,
               "favorites_count": 0,
               "comments_count": 0,
               "nsfw": false,
               "sales_count": 0,
               "for_sale_date": null,
               "highest_rating": 83.9,
               "highest_rating_date": "2017-10-01T10:24:31-04:00",
               "license_type": 0,
               "converted": 0,
               "collections_count": 0,
               "crop_version": 0,
               "privacy": false,
               "profile": true,
               "for_critique": false,
               "critiques_callout_dismissed": false,
               "image_url": "https://drscdn.500px.org/photo/230199965/w%3D280_h%3D280/v2?client_application_id=11&user_id=824357&webp=true&v=0&sig=1719dd13a24f4a7146aad5d3727ea380ed704f6b9681b3aa552abf776254b180",
               "images": [
                          {
                          "size": 3,
                          "url": "https://drscdn.500px.org/photo/230199965/w%3D280_h%3D280/v2?client_application_id=11&user_id=824357&webp=true&v=0&sig=1719dd13a24f4a7146aad5d3727ea380ed704f6b9681b3aa552abf776254b180",
                          "https_url": "https://drscdn.500px.org/photo/230199965/w%3D280_h%3D280/v2?client_application_id=11&user_id=824357&webp=true&v=0&sig=1719dd13a24f4a7146aad5d3727ea380ed704f6b9681b3aa552abf776254b180",
                          "format": "jpeg"
                          }
                          ],
               "url": "/photo/230199965/untitled-by-esposito-corinne",
               "positive_votes_count": 16,
               "converted_bits": 0,
               "store_download": false,
               "store_print": false,
               "store_license": false,
               "request_to_buy_enabled": true,
               "license_requests_enabled": false,
               "voted": false,
               "liked": false,
               "disliked": false,
               "purchased": false,
               "watermark": false,
               "image_format": "jpeg",
               "user": {
               "id": 8561787,
               "username": "corinneespositocombet",
               "firstname": "Esposito ",
               "lastname": "Corinne",
               "city": "Lyon",
               "country": "France",
               "usertype": 0,
               "fullname": "Esposito  Corinne",
               "userpic_url": "https://pacdn.500px.org/8561787/323c818c8fc8a03e3de0eb02aa0fccf0349817bc/1.jpg?2",
               "userpic_https_url": "https://pacdn.500px.org/8561787/323c818c8fc8a03e3de0eb02aa0fccf0349817bc/1.jpg?2",
               "cover_url": "https://pacdn.500px.org/8561787/323c818c8fc8a03e3de0eb02aa0fccf0349817bc/cover_2048.jpg?2",
               "upgrade_status": 0,
               "store_on": false,
               "affection": 528,
               "avatars": {
               "default": {
               "https": "https://pacdn.500px.org/8561787/323c818c8fc8a03e3de0eb02aa0fccf0349817bc/1.jpg?2"
               },
               "large": {
               "https": "https://pacdn.500px.org/8561787/323c818c8fc8a03e3de0eb02aa0fccf0349817bc/2.jpg?2"
               },
               "small": {
               "https": "https://pacdn.500px.org/8561787/323c818c8fc8a03e3de0eb02aa0fccf0349817bc/3.jpg?2"
               },
               "tiny": {
               "https": "https://pacdn.500px.org/8561787/323c818c8fc8a03e3de0eb02aa0fccf0349817bc/4.jpg?2"
               }
               }
               },
               "licensing_requested": false,
               "licensing_suggested": false,
               "is_free_photo": false
               },
               {
               "id": 230199959,
               "user_id": 22762827,
               "name": "korea restaurant 韩国餐厅",
               "description": "",
               "camera": "",
               "lens": "",
               "focal_length": "",
               "iso": "",
               "shutter_speed": "",
               "aperture": "",
               "times_viewed": 23,
               "rating": 80.4,
               "status": 1,
               "created_at": "2017-10-01T10:19:31-04:00",
               "category": 23,
               "location": "",
               "latitude": null,
               "longitude": null,
               "taken_at": null,
               "hi_res_uploaded": 0,
               "for_sale": false,
               "width": 1538,
               "height": 2048,
               "votes_count": 12,
               "favorites_count": 0,
               "comments_count": 0,
               "nsfw": false,
               "sales_count": 0,
               "for_sale_date": null,
               "highest_rating": 80.4,
               "highest_rating_date": "2017-10-01T10:22:31-04:00",
               "license_type": 0,
               "converted": 0,
               "collections_count": 0,
               "crop_version": 0,
               "privacy": false,
               "profile": true,
               "for_critique": false,
               "critiques_callout_dismissed": false,
               "image_url": "https://drscdn.500px.org/photo/230199959/w%3D280_h%3D280/v2?client_application_id=11&user_id=824357&webp=true&v=0&sig=514948ffe9045a45eaa13a3b576c64f7a5e7a5d090ab7580fbbeeb166102e174",
               "images": [
                          {
                          "size": 3,
                          "url": "https://drscdn.500px.org/photo/230199959/w%3D280_h%3D280/v2?client_application_id=11&user_id=824357&webp=true&v=0&sig=514948ffe9045a45eaa13a3b576c64f7a5e7a5d090ab7580fbbeeb166102e174",
                          "https_url": "https://drscdn.500px.org/photo/230199959/w%3D280_h%3D280/v2?client_application_id=11&user_id=824357&webp=true&v=0&sig=514948ffe9045a45eaa13a3b576c64f7a5e7a5d090ab7580fbbeeb166102e174",
                          "format": "jpeg"
                          }
                          ],
               "url": "/photo/230199959/korea-restaurant-%E9%9F%A9%E5%9B%BD%E9%A4%90%E5%8E%85-by-ysl",
               "positive_votes_count": 12,
               "converted_bits": 0,
               "store_download": false,
               "store_print": false,
               "store_license": false,
               "request_to_buy_enabled": true,
               "license_requests_enabled": false,
               "store_width": 1538,
               "store_height": 2048,
               "voted": false,
               "liked": false,
               "disliked": false,
               "purchased": false,
               "watermark": false,
               "image_format": "jpeg",
               "user": {
               "id": 22762827,
               "username": "vcg-jevons",
               "firstname": "YSL",
               "lastname": null,
               "city": "shanghai",
               "country": "China",
               "usertype": 12,
               "fullname": "YSL",
               "userpic_url": "https://secure.gravatar.com/avatar/cf4c7da1bc69172ad6f79b076b709a4f?s=300&r=g&d=https://pacdn.500px.org/userpic.png",
               "userpic_https_url": "https://secure.gravatar.com/avatar/cf4c7da1bc69172ad6f79b076b709a4f?s=300&r=g&d=https://pacdn.500px.org/userpic.png",
               "cover_url": "https://pacdn.500px.org/22762827/fcd3785d5f5c72bfb411b6ca2dad9f04bff3fefa/cover_2048.jpg?2",
               "upgrade_status": 0,
               "store_on": false,
               "affection": 1321,
               "avatars": {
               "default": {
               "https": "https://secure.gravatar.com/avatar/cf4c7da1bc69172ad6f79b076b709a4f?s=300&r=g&d=https://pacdn.500px.org/userpic.png"
               },
               "large": {
               "https": "https://secure.gravatar.com/avatar/cf4c7da1bc69172ad6f79b076b709a4f?s=100&r=g&d=https://pacdn.500px.org/userpic.png"
               },
               "small": {
               "https": "https://secure.gravatar.com/avatar/cf4c7da1bc69172ad6f79b076b709a4f?s=50&r=g&d=https://pacdn.500px.org/userpic.png"
               },
               "tiny": {
               "https": "https://secure.gravatar.com/avatar/cf4c7da1bc69172ad6f79b076b709a4f?s=30&r=g&d=https://pacdn.500px.org/userpic.png"
               }
               }
               },
               "licensing_requested": false,
               "licensing_suggested": false,
               "is_free_photo": false
               },
               {
               "id": 230199957,
               "user_id": 23736789,
               "name": "构成",
               "description": "",
               "camera": "",
               "lens": "",
               "focal_length": "",
               "iso": "",
               "shutter_speed": "",
               "aperture": "",
               "times_viewed": 23,
               "rating": 80.4,
               "status": 1,
               "created_at": "2017-10-01T10:19:29-04:00",
               "category": 6,
               "location": "",
               "latitude": null,
               "longitude": null,
               "taken_at": null,
               "hi_res_uploaded": 0,
               "for_sale": true,
               "width": 932,
               "height": 1620,
               "votes_count": 12,
               "favorites_count": 0,
               "comments_count": 0,
               "nsfw": false,
               "sales_count": 0,
               "for_sale_date": null,
               "highest_rating": 80.4,
               "highest_rating_date": "2017-10-01T10:24:18-04:00",
               "license_type": 0,
               "converted": 0,
               "collections_count": 0,
               "crop_version": 0,
               "privacy": false,
               "profile": true,
               "for_critique": false,
               "critiques_callout_dismissed": false,
               "image_url": "https://drscdn.500px.org/photo/230199957/w%3D280_h%3D280/v2?client_application_id=11&user_id=824357&webp=true&v=0&sig=99c7c98c2f013a7428b5df6a038e38ecdd717fc77294b9f98fbc979e14c4036e",
               "images": [
                          {
                          "size": 3,
                          "url": "https://drscdn.500px.org/photo/230199957/w%3D280_h%3D280/v2?client_application_id=11&user_id=824357&webp=true&v=0&sig=99c7c98c2f013a7428b5df6a038e38ecdd717fc77294b9f98fbc979e14c4036e",
                          "https_url": "https://drscdn.500px.org/photo/230199957/w%3D280_h%3D280/v2?client_application_id=11&user_id=824357&webp=true&v=0&sig=99c7c98c2f013a7428b5df6a038e38ecdd717fc77294b9f98fbc979e14c4036e",
                          "format": "jpeg"
                          }
                          ],
               "url": "/photo/230199957/%E6%9E%84%E6%88%90-by-%E5%A4%A7%E7%B1%B3%E6%B1%A4",
               "positive_votes_count": 12,
               "converted_bits": 0,
               "store_download": false,
               "store_print": false,
               "store_license": false,
               "request_to_buy_enabled": true,
               "license_requests_enabled": false,
               "voted": false,
               "liked": false,
               "disliked": false,
               "purchased": false,
               "watermark": false,
               "image_format": "jpeg",
               "user": {
               "id": 23736789,
               "username": "8243f9ac94490a9b9809cd6c3d8083271",
               "firstname": "大米汤",
               "lastname": null,
               "city": "南京",
               "country": "中国",
               "usertype": 12,
               "fullname": "大米汤",
               "userpic_url": "https://pacdn.500px.org/23736789/013658ee69bd5954998e836f0b635acb6f02afc5/1.jpg?2",
               "userpic_https_url": "https://pacdn.500px.org/23736789/013658ee69bd5954998e836f0b635acb6f02afc5/1.jpg?2",
               "cover_url": null,
               "upgrade_status": 0,
               "store_on": false,
               "affection": 1880,
               "avatars": {
               "default": {
               "https": "https://pacdn.500px.org/23736789/013658ee69bd5954998e836f0b635acb6f02afc5/1.jpg?2"
               },
               "large": {
               "https": "https://pacdn.500px.org/23736789/013658ee69bd5954998e836f0b635acb6f02afc5/2.jpg?2"
               },
               "small": {
               "https": "https://pacdn.500px.org/23736789/013658ee69bd5954998e836f0b635acb6f02afc5/3.jpg?2"
               },
               "tiny": {
               "https": "https://pacdn.500px.org/23736789/013658ee69bd5954998e836f0b635acb6f02afc5/4.jpg?2"
               }
               }
               },
               "licensing_requested": false,
               "licensing_suggested": false,
               "is_free_photo": false
               },
               {
               "id": 230199955,
               "user_id": 278792,
               "name": "Black beach",
               "description": "HyperFocal: 0",
               "camera": "IQ160",
               "lens": "35 mm f/16-2.8",
               "focal_length": "35",
               "iso": "50",
               "shutter_speed": "15",
               "aperture": "11",
               "times_viewed": 21,
               "rating": 80.4,
               "status": 1,
               "created_at": "2017-10-01T10:19:29-04:00",
               "category": 0,
               "location": null,
               "latitude": 64.963051,
               "longitude": -19.020835,
               "taken_at": "2017-09-11T16:06:34-04:00",
               "hi_res_uploaded": 0,
               "for_sale": false,
               "width": 1400,
               "height": 1049,
               "votes_count": 12,
               "favorites_count": 0,
               "comments_count": 0,
               "nsfw": false,
               "sales_count": 0,
               "for_sale_date": null,
               "highest_rating": 80.4,
               "highest_rating_date": "2017-10-01T10:25:55-04:00",
               "license_type": 0,
               "converted": 0,
               "collections_count": 0,
               "crop_version": 0,
               "privacy": false,
               "profile": true,
               "for_critique": false,
               "critiques_callout_dismissed": false,
               "image_url": "https://drscdn.500px.org/photo/230199955/w%3D280_h%3D280/v2?client_application_id=11&user_id=824357&webp=true&v=0&sig=f1bd858fc6fbf1423f7ad71ad9dd00d4166c297802564e491249e939ce1bdd9c",
               "images": [
                          {
                          "size": 3,
                          "url": "https://drscdn.500px.org/photo/230199955/w%3D280_h%3D280/v2?client_application_id=11&user_id=824357&webp=true&v=0&sig=f1bd858fc6fbf1423f7ad71ad9dd00d4166c297802564e491249e939ce1bdd9c",
                          "https_url": "https://drscdn.500px.org/photo/230199955/w%3D280_h%3D280/v2?client_application_id=11&user_id=824357&webp=true&v=0&sig=f1bd858fc6fbf1423f7ad71ad9dd00d4166c297802564e491249e939ce1bdd9c",
                          "format": "jpeg"
                          }
                          ],
               "url": "/photo/230199955/black-beach-by-esam-kabli",
               "positive_votes_count": 12,
               "converted_bits": 0,
               "store_download": false,
               "store_print": false,
               "store_license": false,
               "request_to_buy_enabled": true,
               "license_requests_enabled": false,
               "voted": false,
               "liked": false,
               "disliked": false,
               "purchased": false,
               "watermark": false,
               "image_format": "jpeg",
               "user": {
               "id": 278792,
               "username": "EsamKabli",
               "firstname": "Esam",
               "lastname": "Kabli",
               "city": "Jeddah",
               "country": "Saudi Arabia",
               "usertype": 0,
               "fullname": "Esam Kabli",
               "userpic_url": "https://pacdn.500px.org/278792/5f818d38b3320e1c930f97007394be9db121cdc1/1.jpg?3",
               "userpic_https_url": "https://pacdn.500px.org/278792/5f818d38b3320e1c930f97007394be9db121cdc1/1.jpg?3",
               "cover_url": "https://pacdn.500px.org/278792/5f818d38b3320e1c930f97007394be9db121cdc1/cover_2048.jpg?1",
               "upgrade_status": 0,
               "store_on": false,
               "affection": 2914,
               "avatars": {
               "default": {
               "https": "https://pacdn.500px.org/278792/5f818d38b3320e1c930f97007394be9db121cdc1/1.jpg?3"
               },
               "large": {
               "https": "https://pacdn.500px.org/278792/5f818d38b3320e1c930f97007394be9db121cdc1/2.jpg?3"
               },
               "small": {
               "https": "https://pacdn.500px.org/278792/5f818d38b3320e1c930f97007394be9db121cdc1/3.jpg?3"
               },
               "tiny": {
               "https": "https://pacdn.500px.org/278792/5f818d38b3320e1c930f97007394be9db121cdc1/4.jpg?3"
               }
               }
               },
               "licensing_requested": false,
               "licensing_suggested": false,
               "is_free_photo": false
               },
               {
               "id": 230199953,
               "user_id": 8561787,
               "name": "Untitled",
               "description": "",
               "camera": null,
               "lens": null,
               "focal_length": null,
               "iso": null,
               "shutter_speed": null,
               "aperture": null,
               "times_viewed": 25,
               "rating": 82.5,
               "status": 1,
               "created_at": "2017-10-01T10:19:27-04:00",
               "category": 0,
               "location": null,
               "latitude": null,
               "longitude": null,
               "taken_at": null,
               "hi_res_uploaded": 0,
               "for_sale": false,
               "width": 1421,
               "height": 960,
               "votes_count": 14,
               "favorites_count": 0,
               "comments_count": 0,
               "nsfw": false,
               "sales_count": 0,
               "for_sale_date": null,
               "highest_rating": 82.5,
               "highest_rating_date": "2017-10-01T10:24:25-04:00",
               "license_type": 0,
               "converted": 0,
               "collections_count": 1,
               "crop_version": 0,
               "privacy": false,
               "profile": true,
               "for_critique": false,
               "critiques_callout_dismissed": false,
               "image_url": "https://drscdn.500px.org/photo/230199953/w%3D280_h%3D280/v2?client_application_id=11&user_id=824357&webp=true&v=0&sig=b3fd35b87b0d17d66b75b2e3932da9faf42dc7b06d045e2a027fcc3361f4127c",
               "images": [
                          {
                          "size": 3,
                          "url": "https://drscdn.500px.org/photo/230199953/w%3D280_h%3D280/v2?client_application_id=11&user_id=824357&webp=true&v=0&sig=b3fd35b87b0d17d66b75b2e3932da9faf42dc7b06d045e2a027fcc3361f4127c",
                          "https_url": "https://drscdn.500px.org/photo/230199953/w%3D280_h%3D280/v2?client_application_id=11&user_id=824357&webp=true&v=0&sig=b3fd35b87b0d17d66b75b2e3932da9faf42dc7b06d045e2a027fcc3361f4127c",
                          "format": "jpeg"
                          }
                          ],
               "url": "/photo/230199953/untitled-by-esposito-corinne",
               "positive_votes_count": 14,
               "converted_bits": 0,
               "store_download": false,
               "store_print": false,
               "store_license": false,
               "request_to_buy_enabled": true,
               "license_requests_enabled": false,
               "voted": false,
               "liked": false,
               "disliked": false,
               "purchased": false,
               "watermark": false,
               "image_format": "jpeg",
               "user": {
               "id": 8561787,
               "username": "corinneespositocombet",
               "firstname": "Esposito ",
               "lastname": "Corinne",
               "city": "Lyon",
               "country": "France",
               "usertype": 0,
               "fullname": "Esposito  Corinne",
               "userpic_url": "https://pacdn.500px.org/8561787/323c818c8fc8a03e3de0eb02aa0fccf0349817bc/1.jpg?2",
               "userpic_https_url": "https://pacdn.500px.org/8561787/323c818c8fc8a03e3de0eb02aa0fccf0349817bc/1.jpg?2",
               "cover_url": "https://pacdn.500px.org/8561787/323c818c8fc8a03e3de0eb02aa0fccf0349817bc/cover_2048.jpg?2",
               "upgrade_status": 0,
               "store_on": false,
               "affection": 528,
               "avatars": {
               "default": {
               "https": "https://pacdn.500px.org/8561787/323c818c8fc8a03e3de0eb02aa0fccf0349817bc/1.jpg?2"
               },
               "large": {
               "https": "https://pacdn.500px.org/8561787/323c818c8fc8a03e3de0eb02aa0fccf0349817bc/2.jpg?2"
               },
               "small": {
               "https": "https://pacdn.500px.org/8561787/323c818c8fc8a03e3de0eb02aa0fccf0349817bc/3.jpg?2"
               },
               "tiny": {
               "https": "https://pacdn.500px.org/8561787/323c818c8fc8a03e3de0eb02aa0fccf0349817bc/4.jpg?2"
               }
               }
               },
               "licensing_requested": false,
               "licensing_suggested": false,
               "is_free_photo": false
               },
               {
               "id": 230199951,
               "user_id": 7837293,
               "name": "Villaggio Di Pescatori",
               "description": null,
               "camera": "Canon EOS 5D Mark III",
               "lens": "EF17-40mm f/4L USM",
               "focal_length": "20",
               "iso": "100",
               "shutter_speed": "13",
               "aperture": "14",
               "times_viewed": 29,
               "rating": 80.4,
               "status": 1,
               "created_at": "2017-10-01T10:19:26-04:00",
               "category": 8,
               "location": null,
               "latitude": 67.9468184,
               "longitude": 13.1322376000001,
               "taken_at": "2017-07-29T12:29:41-04:00",
               "hi_res_uploaded": 0,
               "for_sale": false,
               "width": 5760,
               "height": 3840,
               "votes_count": 12,
               "favorites_count": 0,
               "comments_count": 0,
               "nsfw": false,
               "sales_count": 0,
               "for_sale_date": null,
               "highest_rating": 80.4,
               "highest_rating_date": "2017-10-01T10:25:56-04:00",
               "license_type": 0,
               "converted": 0,
               "collections_count": 3,
               "crop_version": 0,
               "privacy": false,
               "profile": true,
               "for_critique": false,
               "critiques_callout_dismissed": false,
               "image_url": "https://drscdn.500px.org/photo/230199951/w%3D280_h%3D280/v2?client_application_id=11&user_id=824357&webp=true&v=0&sig=142142a4acd749a815f3bfdbcacede74fa1a7624386db0dde6cba343b89a7b0c",
               "images": [
                          {
                          "size": 3,
                          "url": "https://drscdn.500px.org/photo/230199951/w%3D280_h%3D280/v2?client_application_id=11&user_id=824357&webp=true&v=0&sig=142142a4acd749a815f3bfdbcacede74fa1a7624386db0dde6cba343b89a7b0c",
                          "https_url": "https://drscdn.500px.org/photo/230199951/w%3D280_h%3D280/v2?client_application_id=11&user_id=824357&webp=true&v=0&sig=142142a4acd749a815f3bfdbcacede74fa1a7624386db0dde6cba343b89a7b0c",
                          "format": "jpeg"
                          }
                          ],
               "url": "/photo/230199951/villaggio-di-pescatori-by-p%C3%A5l-rune-lien",
               "positive_votes_count": 12,
               "converted_bits": 0,
               "store_download": false,
               "store_print": false,
               "store_license": false,
               "request_to_buy_enabled": true,
               "license_requests_enabled": true,
               "store_width": 5760,
               "store_height": 3840,
               "voted": false,
               "liked": false,
               "disliked": false,
               "purchased": false,
               "watermark": false,
               "image_format": "jpeg",
               "user": {
               "id": 7837293,
               "username": "prlien",
               "firstname": "Pål Rune",
               "lastname": "Lien",
               "city": "Trondheim",
               "country": "Norway",
               "usertype": 0,
               "fullname": "Pål Rune Lien",
               "userpic_url": "https://pacdn.500px.org/7837293/9658edc5295d8f1eadbfb6661d21ce1878c7e7c9/1.jpg?2",
               "userpic_https_url": "https://pacdn.500px.org/7837293/9658edc5295d8f1eadbfb6661d21ce1878c7e7c9/1.jpg?2",
               "cover_url": "https://pacdn.500px.org/7837293/9658edc5295d8f1eadbfb6661d21ce1878c7e7c9/cover_2048.jpg?18",
               "upgrade_status": 0,
               "store_on": true,
               "affection": 29570,
               "avatars": {
               "default": {
               "https": "https://pacdn.500px.org/7837293/9658edc5295d8f1eadbfb6661d21ce1878c7e7c9/1.jpg?2"
               },
               "large": {
               "https": "https://pacdn.500px.org/7837293/9658edc5295d8f1eadbfb6661d21ce1878c7e7c9/2.jpg?2"
               },
               "small": {
               "https": "https://pacdn.500px.org/7837293/9658edc5295d8f1eadbfb6661d21ce1878c7e7c9/3.jpg?2"
               },
               "tiny": {
               "https": "https://pacdn.500px.org/7837293/9658edc5295d8f1eadbfb6661d21ce1878c7e7c9/4.jpg?2"
               }
               }
               },
               "licensing_requested": false,
               "licensing_suggested": false,
               "is_free_photo": false
               },
               {
               "id": 230199935,
               "user_id": 18192059,
               "name": "Moose Bog",
               "description": "New Hampshire",
               "camera": null,
               "lens": null,
               "focal_length": null,
               "iso": null,
               "shutter_speed": null,
               "aperture": null,
               "times_viewed": 21,
               "rating": 81.5,
               "status": 1,
               "created_at": "2017-10-01T10:19:16-04:00",
               "category": 8,
               "location": null,
               "latitude": 44.764511,
               "longitude": -71.7405807,
               "taken_at": null,
               "hi_res_uploaded": 0,
               "for_sale": false,
               "width": 4288,
               "height": 2848,
               "votes_count": 13,
               "favorites_count": 0,
               "comments_count": 0,
               "nsfw": false,
               "sales_count": 0,
               "for_sale_date": null,
               "highest_rating": 81.5,
               "highest_rating_date": "2017-10-01T10:25:29-04:00",
               "license_type": 0,
               "converted": 0,
               "collections_count": 0,
               "crop_version": 0,
               "privacy": false,
               "profile": true,
               "for_critique": false,
               "critiques_callout_dismissed": false,
               "image_url": "https://drscdn.500px.org/photo/230199935/w%3D280_h%3D280/v2?client_application_id=11&user_id=824357&webp=true&v=0&sig=342ad6f4b6310870227218367e52aaaaa0f9f69da4f757761ad2f3cdb8a2cd6d",
               "images": [
                          {
                          "size": 3,
                          "url": "https://drscdn.500px.org/photo/230199935/w%3D280_h%3D280/v2?client_application_id=11&user_id=824357&webp=true&v=0&sig=342ad6f4b6310870227218367e52aaaaa0f9f69da4f757761ad2f3cdb8a2cd6d",
                          "https_url": "https://drscdn.500px.org/photo/230199935/w%3D280_h%3D280/v2?client_application_id=11&user_id=824357&webp=true&v=0&sig=342ad6f4b6310870227218367e52aaaaa0f9f69da4f757761ad2f3cdb8a2cd6d",
                          "format": "jpeg"
                          }
                          ],
               "url": "/photo/230199935/moose-bog-by-george-santos",
               "positive_votes_count": 13,
               "converted_bits": 0,
               "store_download": false,
               "store_print": false,
               "store_license": false,
               "request_to_buy_enabled": false,
               "license_requests_enabled": true,
               "store_width": 4288,
               "store_height": 2848,
               "voted": false,
               "liked": false,
               "disliked": false,
               "purchased": false,
               "watermark": true,
               "image_format": "jpeg",
               "user": {
               "id": 18192059,
               "username": "jcsrpma1",
               "firstname": "George",
               "lastname": "Santos",
               "city": "",
               "country": "",
               "usertype": 0,
               "fullname": "George Santos",
               "userpic_url": "https://pacdn.500px.org/18192059/2c8f61ae979ccd7285ed15a8ab2e51d5d6c2f135/1.jpg?1",
               "userpic_https_url": "https://pacdn.500px.org/18192059/2c8f61ae979ccd7285ed15a8ab2e51d5d6c2f135/1.jpg?1",
               "cover_url": "https://pacdn.500px.org/18192059/2c8f61ae979ccd7285ed15a8ab2e51d5d6c2f135/cover_2048.jpg?7",
               "upgrade_status": 2,
               "store_on": true,
               "affection": 12040,
               "avatars": {
               "default": {
               "https": "https://pacdn.500px.org/18192059/2c8f61ae979ccd7285ed15a8ab2e51d5d6c2f135/1.jpg?1"
               },
               "large": {
               "https": "https://pacdn.500px.org/18192059/2c8f61ae979ccd7285ed15a8ab2e51d5d6c2f135/2.jpg?1"
               },
               "small": {
               "https": "https://pacdn.500px.org/18192059/2c8f61ae979ccd7285ed15a8ab2e51d5d6c2f135/3.jpg?1"
               },
               "tiny": {
               "https": "https://pacdn.500px.org/18192059/2c8f61ae979ccd7285ed15a8ab2e51d5d6c2f135/4.jpg?1"
               }
               }
               },
               "licensing_requested": false,
               "licensing_suggested": false,
               "is_free_photo": false
               },
               {
               "id": 230199929,
               "user_id": 20373817,
               "name": "徐敏-外白渡桥-上海外滩",
               "description": "",
               "camera": "",
               "lens": "",
               "focal_length": "",
               "iso": "",
               "shutter_speed": "",
               "aperture": "",
               "times_viewed": 20,
               "rating": 81.5,
               "status": 1,
               "created_at": "2017-10-01T10:19:13-04:00",
               "category": 27,
               "location": "",
               "latitude": null,
               "longitude": null,
               "taken_at": null,
               "hi_res_uploaded": 0,
               "for_sale": false,
               "width": 2048,
               "height": 1356,
               "votes_count": 13,
               "favorites_count": 0,
               "comments_count": 0,
               "nsfw": false,
               "sales_count": 0,
               "for_sale_date": null,
               "highest_rating": 81.5,
               "highest_rating_date": "2017-10-01T10:23:01-04:00",
               "license_type": 0,
               "converted": 0,
               "collections_count": 0,
               "crop_version": 0,
               "privacy": false,
               "profile": true,
               "for_critique": false,
               "critiques_callout_dismissed": false,
               "image_url": "https://drscdn.500px.org/photo/230199929/w%3D280_h%3D280/v2?client_application_id=11&user_id=824357&webp=true&v=0&sig=d21d772ac8eaca42b95dd05aea6ae92608cf5ecdd03e73db7003707773c0c949",
               "images": [
                          {
                          "size": 3,
                          "url": "https://drscdn.500px.org/photo/230199929/w%3D280_h%3D280/v2?client_application_id=11&user_id=824357&webp=true&v=0&sig=d21d772ac8eaca42b95dd05aea6ae92608cf5ecdd03e73db7003707773c0c949",
                          "https_url": "https://drscdn.500px.org/photo/230199929/w%3D280_h%3D280/v2?client_application_id=11&user_id=824357&webp=true&v=0&sig=d21d772ac8eaca42b95dd05aea6ae92608cf5ecdd03e73db7003707773c0c949",
                          "format": "jpeg"
                          }
                          ],
               "url": "/photo/230199929/%E5%BE%90%E6%95%8F-%E5%A4%96%E7%99%BD%E6%B8%A1%E6%A1%A5-%E4%B8%8A%E6%B5%B7%E5%A4%96%E6%BB%A9-by-%E5%BE%90%E5%B0%8F%E7%BE%8A",
               "positive_votes_count": 13,
               "converted_bits": 0,
               "store_download": false,
               "store_print": false,
               "store_license": false,
               "request_to_buy_enabled": true,
               "license_requests_enabled": false,
               "store_width": 2048,
               "store_height": 1356,
               "voted": false,
               "liked": false,
               "disliked": false,
               "purchased": false,
               "watermark": false,
               "image_format": "jpeg",
               "user": {
               "id": 20373817,
               "username": "626e2a6b048b391b353a6e73fde8c7355",
               "firstname": "徐小羊",
               "lastname": null,
               "city": "上海",
               "country": "中国",
               "usertype": 12,
               "fullname": "徐小羊",
               "userpic_url": "https://pacdn.500px.org/20373817/0061850064771866f88b550b3c06686afcdc3487/1.jpg?2",
               "userpic_https_url": "https://pacdn.500px.org/20373817/0061850064771866f88b550b3c06686afcdc3487/1.jpg?2",
               "cover_url": "https://pacdn.500px.org/20373817/0061850064771866f88b550b3c06686afcdc3487/cover_2048.jpg?2",
               "upgrade_status": 0,
               "store_on": false,
               "affection": 598,
               "avatars": {
               "default": {
               "https": "https://pacdn.500px.org/20373817/0061850064771866f88b550b3c06686afcdc3487/1.jpg?2"
               },
               "large": {
               "https": "https://pacdn.500px.org/20373817/0061850064771866f88b550b3c06686afcdc3487/2.jpg?2"
               },
               "small": {
               "https": "https://pacdn.500px.org/20373817/0061850064771866f88b550b3c06686afcdc3487/3.jpg?2"
               },
               "tiny": {
               "https": "https://pacdn.500px.org/20373817/0061850064771866f88b550b3c06686afcdc3487/4.jpg?2"
               }
               }
               },
               "licensing_requested": false,
               "licensing_suggested": false,
               "is_free_photo": false
               },
               {
               "id": 230199917,
               "user_id": 12138265,
               "name": "Whirlpool",
               "description": null,
               "camera": "NIKON D5200",
               "lens": "18.0-55.0 mm f/3.5-5.6",
               "focal_length": "18",
               "iso": "100",
               "shutter_speed": "10",
               "aperture": "16",
               "times_viewed": 30,
               "rating": 84.1,
               "status": 1,
               "created_at": "2017-10-01T10:19:04-04:00",
               "category": 8,
               "location": null,
               "latitude": 59.9707220175613,
               "longitude": 10.6291485423571,
               "taken_at": "2017-09-30T14:41:40-04:00",
               "hi_res_uploaded": 0,
               "for_sale": false,
               "width": 3500,
               "height": 2133,
               "votes_count": 16,
               "favorites_count": 0,
               "comments_count": 0,
               "nsfw": false,
               "sales_count": 0,
               "for_sale_date": null,
               "highest_rating": 84.1,
               "highest_rating_date": "2017-10-01T10:25:37-04:00",
               "license_type": 0,
               "converted": 0,
               "collections_count": 0,
               "crop_version": 0,
               "privacy": false,
               "profile": true,
               "for_critique": false,
               "critiques_callout_dismissed": false,
               "image_url": "https://drscdn.500px.org/photo/230199917/w%3D280_h%3D280/v2?client_application_id=11&user_id=824357&webp=true&v=0&sig=e80cd612eb632b82431c024c21f25988880f5b666000e9a0a3c1dcebf5153b1b",
               "images": [
                          {
                          "size": 3,
                          "url": "https://drscdn.500px.org/photo/230199917/w%3D280_h%3D280/v2?client_application_id=11&user_id=824357&webp=true&v=0&sig=e80cd612eb632b82431c024c21f25988880f5b666000e9a0a3c1dcebf5153b1b",
                          "https_url": "https://drscdn.500px.org/photo/230199917/w%3D280_h%3D280/v2?client_application_id=11&user_id=824357&webp=true&v=0&sig=e80cd612eb632b82431c024c21f25988880f5b666000e9a0a3c1dcebf5153b1b",
                          "format": "jpeg"
                          }
                          ],
               "url": "/photo/230199917/whirlpool-by-nuno-borges",
               "positive_votes_count": 16,
               "converted_bits": 0,
               "store_download": false,
               "store_print": false,
               "store_license": false,
               "request_to_buy_enabled": true,
               "license_requests_enabled": true,
               "store_width": 3500,
               "store_height": 2133,
               "voted": false,
               "liked": false,
               "disliked": false,
               "purchased": false,
               "watermark": false,
               "image_format": "jpeg",
               "user": {
               "id": 12138265,
               "username": "NunoBorges2",
               "firstname": "Nuno",
               "lastname": "Borges",
               "city": "Oslo",
               "country": "Norway",
               "usertype": 0,
               "fullname": "Nuno Borges",
               "userpic_url": "https://graph.facebook.com/100002888843718/picture?height=100&width=100",
               "userpic_https_url": "https://graph.facebook.com/100002888843718/picture?height=100&width=100",
               "cover_url": "https://pacdn.500px.org/12138265/e5ee41d7be0b95f52ab105f2dff390b58518c3ca/cover_2048.jpg?6",
               "upgrade_status": 2,
               "store_on": true,
               "affection": 17704,
               "avatars": {
               "default": {
               "https": "https://graph.facebook.com/100002888843718/picture?height=100&width=100"
               },
               "large": {
               "https": "https://graph.facebook.com/100002888843718/picture?height=100&width=100"
               },
               "small": {
               "https": "https://graph.facebook.com/100002888843718/picture?height=100&width=100"
               },
               "tiny": {
               "https": "https://graph.facebook.com/100002888843718/picture?height=100&width=100"
               }
               }
               },
               "licensing_requested": false,
               "licensing_suggested": false,
               "is_free_photo": false
               },
               {
               "id": 230199915,
               "user_id": 657864,
               "name": "Flowering heath",
               "description": null,
               "camera": "SLT-A65V",
               "lens": "100mm F2.8 Macro",
               "focal_length": "90",
               "iso": "100",
               "shutter_speed": "1/13",
               "aperture": "5",
               "times_viewed": 26,
               "rating": 81.3,
               "status": 1,
               "created_at": "2017-10-01T10:19:03-04:00",
               "category": 18,
               "location": null,
               "latitude": 52.229114,
               "longitude": 6.873679,
               "taken_at": "2017-10-01T09:31:35-04:00",
               "hi_res_uploaded": 0,
               "for_sale": false,
               "width": 1369,
               "height": 2048,
               "votes_count": 13,
               "favorites_count": 0,
               "comments_count": 0,
               "nsfw": false,
               "sales_count": 0,
               "for_sale_date": null,
               "highest_rating": 81.3,
               "highest_rating_date": "2017-10-01T10:23:41-04:00",
               "license_type": 0,
               "converted": 0,
               "collections_count": 0,
               "crop_version": 0,
               "privacy": false,
               "profile": true,
               "for_critique": false,
               "critiques_callout_dismissed": false,
               "image_url": "https://drscdn.500px.org/photo/230199915/w%3D280_h%3D280/v2?client_application_id=11&user_id=824357&webp=true&v=0&sig=dd0218b063b2205834f48f7b7e6519ea0816e4c6a6c184f5860352d930d5d472",
               "images": [
                          {
                          "size": 3,
                          "url": "https://drscdn.500px.org/photo/230199915/w%3D280_h%3D280/v2?client_application_id=11&user_id=824357&webp=true&v=0&sig=dd0218b063b2205834f48f7b7e6519ea0816e4c6a6c184f5860352d930d5d472",
                          "https_url": "https://drscdn.500px.org/photo/230199915/w%3D280_h%3D280/v2?client_application_id=11&user_id=824357&webp=true&v=0&sig=dd0218b063b2205834f48f7b7e6519ea0816e4c6a6c184f5860352d930d5d472",
                          "format": "jpeg"
                          }
                          ],
               "url": "/photo/230199915/flowering-heath-by-gerhard-hoogterp",
               "positive_votes_count": 13,
               "converted_bits": 0,
               "store_download": false,
               "store_print": false,
               "store_license": false,
               "request_to_buy_enabled": false,
               "license_requests_enabled": true,
               "store_width": 1369,
               "store_height": 2048,
               "voted": false,
               "liked": false,
               "disliked": false,
               "purchased": false,
               "watermark": false,
               "image_format": "jpeg",
               "user": {
               "id": 657864,
               "username": "Jondor",
               "firstname": "Gerhard",
               "lastname": "Hoogterp",
               "city": "Enschede",
               "country": "Netherlands",
               "usertype": 0,
               "fullname": "Gerhard Hoogterp",
               "userpic_url": "https://pacdn.500px.org/657864/5df770406ddcbb626bc7ed7bc488ee95cba512e2/1.jpg?127",
               "userpic_https_url": "https://pacdn.500px.org/657864/5df770406ddcbb626bc7ed7bc488ee95cba512e2/1.jpg?127",
               "cover_url": "https://pacdn.500px.org/657864/5df770406ddcbb626bc7ed7bc488ee95cba512e2/cover_2048.jpg?10",
               "upgrade_status": 0,
               "store_on": true,
               "affection": 7362,
               "avatars": {
               "default": {
               "https": "https://pacdn.500px.org/657864/5df770406ddcbb626bc7ed7bc488ee95cba512e2/1.jpg?127"
               },
               "large": {
               "https": "https://pacdn.500px.org/657864/5df770406ddcbb626bc7ed7bc488ee95cba512e2/2.jpg?127"
               },
               "small": {
               "https": "https://pacdn.500px.org/657864/5df770406ddcbb626bc7ed7bc488ee95cba512e2/3.jpg?127"
               },
               "tiny": {
               "https": "https://pacdn.500px.org/657864/5df770406ddcbb626bc7ed7bc488ee95cba512e2/4.jpg?127"
               }
               }
               },
               "licensing_requested": false,
               "licensing_suggested": false,
               "is_free_photo": false
               },
               {
               "id": 230199905,
               "user_id": 18770135,
               "name": "Untitled",
               "description": "",
               "camera": null,
               "lens": null,
               "focal_length": null,
               "iso": null,
               "shutter_speed": null,
               "aperture": null,
               "times_viewed": 20,
               "rating": 80.4,
               "status": 1,
               "created_at": "2017-10-01T10:19:02-04:00",
               "category": 0,
               "location": null,
               "latitude": null,
               "longitude": null,
               "taken_at": null,
               "hi_res_uploaded": 0,
               "for_sale": false,
               "width": 607,
               "height": 1080,
               "votes_count": 12,
               "favorites_count": 0,
               "comments_count": 0,
               "nsfw": false,
               "sales_count": 0,
               "for_sale_date": null,
               "highest_rating": 80.4,
               "highest_rating_date": "2017-10-01T10:22:50-04:00",
               "license_type": 0,
               "converted": 0,
               "collections_count": 0,
               "crop_version": 0,
               "privacy": false,
               "profile": true,
               "for_critique": false,
               "critiques_callout_dismissed": false,
               "image_url": "https://drscdn.500px.org/photo/230199905/w%3D280_h%3D280/v2?client_application_id=11&user_id=824357&webp=true&v=0&sig=feaafaf9d3619e021d36b9cef0fa06f36093f48f81b71fffb95361febb2717dd",
               "images": [
                          {
                          "size": 3,
                          "url": "https://drscdn.500px.org/photo/230199905/w%3D280_h%3D280/v2?client_application_id=11&user_id=824357&webp=true&v=0&sig=feaafaf9d3619e021d36b9cef0fa06f36093f48f81b71fffb95361febb2717dd",
                          "https_url": "https://drscdn.500px.org/photo/230199905/w%3D280_h%3D280/v2?client_application_id=11&user_id=824357&webp=true&v=0&sig=feaafaf9d3619e021d36b9cef0fa06f36093f48f81b71fffb95361febb2717dd",
                          "format": "jpeg"
                          }
                          ],
               "url": "/photo/230199905/untitled-by-ninya-khachiuri",
               "positive_votes_count": 12,
               "converted_bits": 0,
               "store_download": false,
               "store_print": false,
               "store_license": false,
               "request_to_buy_enabled": true,
               "license_requests_enabled": false,
               "voted": false,
               "liked": false,
               "disliked": false,
               "purchased": false,
               "watermark": false,
               "image_format": "jpeg",
               "user": {
               "id": 18770135,
               "username": "khachiurinino",
               "firstname": "Ninya",
               "lastname": "Khachiuri",
               "city": "Tbilisi",
               "country": "Georgia",
               "usertype": 0,
               "fullname": "Ninya Khachiuri",
               "userpic_url": "https://pacdn.500px.org/18770135/c450757bae2c9953a85a697661de71448791cf0e/1.jpg?2",
               "userpic_https_url": "https://pacdn.500px.org/18770135/c450757bae2c9953a85a697661de71448791cf0e/1.jpg?2",
               "cover_url": "https://pacdn.500px.org/18770135/c450757bae2c9953a85a697661de71448791cf0e/cover_2048.jpg?1",
               "upgrade_status": 0,
               "store_on": false,
               "affection": 560,
               "avatars": {
               "default": {
               "https": "https://pacdn.500px.org/18770135/c450757bae2c9953a85a697661de71448791cf0e/1.jpg?2"
               },
               "large": {
               "https": "https://pacdn.500px.org/18770135/c450757bae2c9953a85a697661de71448791cf0e/2.jpg?2"
               },
               "small": {
               "https": "https://pacdn.500px.org/18770135/c450757bae2c9953a85a697661de71448791cf0e/3.jpg?2"
               },
               "tiny": {
               "https": "https://pacdn.500px.org/18770135/c450757bae2c9953a85a697661de71448791cf0e/4.jpg?2"
               }
               },
               "following": false
               },
               "licensing_requested": false,
               "licensing_suggested": false,
               "is_free_photo": false
               }
               ],
    "filters": {
        "category": false,
        "exclude": false
    },
    "feature": "popular"
}
